/*
Navicat MySQL Data Transfer

Source Server         : dzt
Source Server Version : 50140
Source Host           : 192.168.2.52:3306
Source Database       : test

Target Server Type    : MYSQL
Target Server Version : 50140
File Encoding         : 65001

Date: 2016-07-28 17:18:58
*/

SET FOREIGN_KEY_CHECKS=0;
-- ----------------------------
-- Table structure for `browseproduct`
-- ----------------------------
DROP TABLE IF EXISTS `browseproduct`;
CREATE TABLE `browseproduct` (
  `browseproductid` int(10) NOT NULL AUTO_INCREMENT,
  `browseproductname` varchar(100) NOT NULL,
  `productid` int(10) NOT NULL,
  `classid` int(10) NOT NULL,
  `popularity` int(100) DEFAULT NULL,
  `hotsale` int(100) DEFAULT NULL,
  `keywords` varchar(100) DEFAULT NULL,
  `remark` varchar(100) DEFAULT NULL,
  `picture` varchar(100) DEFAULT NULL,
  `size` varchar(100) DEFAULT NULL,
  PRIMARY KEY (`browseproductid`)
) ENGINE=InnoDB AUTO_INCREMENT=91 DEFAULT CHARSET=utf8;

-- ----------------------------
-- Records of browseproduct
-- ----------------------------
INSERT INTO `browseproduct` VALUES ('1', '佛珠项链', '1', '1', '45', '54', '项链饰品银饰正品S990纯银佛珠链 纯银儿童项链 纯银毛衣链项链 亲子项链', '看风景', 'images/shoushi1.jpg', 'Medium');
INSERT INTO `browseproduct` VALUES ('2', '柏瑞帝吊坠', '2', '1', '34', '34', '柏瑞帝S925银项链女锁骨链细满天星日韩国颈链配饰短银饰品无吊坠', '的双方各', 'images/shoushi2.jpg', 'Medium');
INSERT INTO `browseproduct` VALUES ('3', 'Mbox项链', '4', '1', '2132', '23', 'Mbox项链饰品项链女款韩国版S925银镶嵌施华洛世奇锆石锁骨项链 月光爱人', '324', 'images/shoushi4.jpg', 'Medium');
INSERT INTO `browseproduct` VALUES ('4', '圣尼诗女包', '7', '2', '324', '45', '包圣尼诗女包女式皮包单肩手提斜跨包大包包银色', '解放军', 'images/bao1.jpg', 'Medium');
INSERT INTO `browseproduct` VALUES ('5', 'EW男包', '8', '2', '56', '34', '包EW男包双肩背包休闲包皮包', '解放军', 'images/bao2.jpg', 'Medium');
INSERT INTO `browseproduct` VALUES ('6', '漂流木帆布包', '9', '2', '123', '34', '包漂流木帆布包水洗米单肩斜挎包运动休闲女包韩版', '解放军', 'images/bao3.jpg', 'Medium');
INSERT INTO `browseproduct` VALUES ('7', 'Miffy双肩包', '10', '2', '123', '4', '女包Miffy双肩包黑色手提双肩包真皮背包韩版休闲女包', '解放军', 'images/bao4.jpg', 'Medium');
INSERT INTO `browseproduct` VALUES ('8', '怡雪芳', '13', '3', '1231', '43', '帽子怡雪芳英伦风春夏天黑白拼色草帽大檐遮阳小礼帽子潮女沙滩帽太阳帽', '解放军', 'images/mao1.jpg', 'Medium');
INSERT INTO `browseproduct` VALUES ('9', '兰诗雨', '14', '3', '4', '33', '帽子兰诗雨真丝帽子女夏天韩版潮桑蚕丝太阳帽防晒女士遮阳帽夏季沙滩帽凉帽', '而特', 'images/mao2.jpg', 'Medium');
INSERT INTO `browseproduct` VALUES ('10', '伊馨鸟', '15', '3', '34', '76', '帽子伊馨鸟男士夏天渔夫帽户外登山帽防晒帽夏季遮阳帽钓鱼帽太阳帽韩版', '6', 'images/mao3.jpg', 'Medium');
INSERT INTO `browseproduct` VALUES ('11', '带带鱼', '16', '3', '76', '76', '帽子带带鱼渔夫帽男可折叠防晒帽钓鱼帽子骑行帽登山帽户外帽子', '767', 'images/mao4.jpg', 'Medium');
INSERT INTO `browseproduct` VALUES ('12', '客来而香', '17', '3', '57', '57', '帽子客来而香春夏天男女士户外运动速干遮阳防晒棒球网眼太阳帽子', '576', 'images/mao5.jpg', 'Medium');
INSERT INTO `browseproduct` VALUES ('13', '怡雪芳', '18', '3', '765', '76', '帽子怡雪芳遮阳帽 女士夏天大沿帽草帽大檐蝴蝶结太阳帽子防晒沙滩帽宽檐卷边帽米色', '7', 'images/mao6.jpg', 'Medium');
INSERT INTO `browseproduct` VALUES ('14', '登诗奴', '19', '4', '798', '79', 'T恤登诗奴男夏装短袖男圆领简约体血衫韩版修身条纹半袖青年休闲上衣服', '79', 'images/yi1.jpg', 'Medium');
INSERT INTO `browseproduct` VALUES ('15', '莫代尔', '20', '4', '97', '9', 'T恤莫代尔短袖t恤男 2016夏修身v领汗衫加肥加大码运动t恤纯色打底衫黑色', '98', 'images/yi2.jpg', 'Medium');
INSERT INTO `browseproduct` VALUES ('16', '佐士尚', '21', '4', '86', '86', 'T恤佐士尚夏季新款潮男装条纹衣服男士短袖T恤 夏天青年圆领韩版修身打底衫', '86', 'images/yi3.jpg', 'Medium');
INSERT INTO `browseproduct` VALUES ('17', '登诗奴', '22', '4', '54', '454', 'T恤登诗奴夏季Polo衫短袖T恤男翻领 青年POLO衫男装体恤2016潮流纯棉上衣服', '546', 'images/yi4.jpg', 'Medium');
INSERT INTO `browseproduct` VALUES ('18', '青年韩版修身打底衫', '23', '5', '45', '455', 'T恤夏季新款潮男装短袖T恤男圆领夏天青年韩版修身打底衫', '54', 'images/yi5.jpg', 'Medium');
INSERT INTO `browseproduct` VALUES ('19', '3*3项链', '3', '1', '543', '54', '日韩新款s925纯银拉丝方块项链吊坠锁骨链女款简约短款甜美配饰', null, 'images/shoushi3.jpg', 'Medium');
INSERT INTO `browseproduct` VALUES ('20', 'T400项链', '5', '1', '345', '81', 'T400镶嵌施华洛世奇锆石项链女简约锁骨银饰品日韩国配饰吊坠首饰 \r\n顺丰航空 热销18万件 爱的礼物 可刻字 \r\n', null, 'images/shoushi5.jpg', 'Medium');
INSERT INTO `browseproduct` VALUES ('21', '铭琳葡萄石', '6', '1', '345', '81', '茗琳葡萄石925银饰水晶项链女短款锁骨配饰品生日礼物 吊坠 刻字 \r\n生日情人礼物 免费刻字 七夕情人节 礼物送女友 \r\n', null, 'images/shoushi6.jpg', 'Medium');
INSERT INTO `browseproduct` VALUES ('22', 'JON BAG', '11', '2', '345', '81', '夏季女包2016新款日韩百搭小包包单肩斜挎包新潮锁扣小猪包马鞍包 \r\n\r\n夏季新潮 简约百搭 斜挎小包包 马鞍包 \r\n', null, 'images/bao5.jpg', 'Medium');
INSERT INTO `browseproduct` VALUES ('23', '圣大保罗休闲男包', '12', '2', '345', '81', '圣大保罗休闲男包单肩斜挎包正品男士背包小包旅行帆布防水牛津布 \r\n\r\n品牌专卖店 正品出售 疯狂让利 别再错过 \r\n', null, 'images/bao6.jpg', 'Medium');
INSERT INTO `browseproduct` VALUES ('24', '木木', '24', '4', '345', '81', '男生短袖T恤男字母印花纯棉圆领日系体恤夏装潮男半截袖上衣服潮', null, 'images/yi6.jpg', 'Medium');
INSERT INTO `browseproduct` VALUES ('25', '辛格丽', '25', '5', '345', '81', '夏季男生宽松5五分马裤夏天运动沙滩7分中裤子休闲短裤潮大裤衩男 \r\n\r\n一1件55元 一2件99 一3件145 \r\n', null, 'images/ku1.jpg', 'Medium');
INSERT INTO `browseproduct` VALUES ('26', '才子', '26', '5', '345', '81', '才子男装 2016夏季新款青年纯色修身休闲长裤 男士休闲裤男裤\r\n', null, 'images/ku2.jpg', 'Medium');
INSERT INTO `browseproduct` VALUES ('27', 'TIRYBETRY', '27', '5', '345', '81', '九分牛仔裤男士夏季新款韩版修身小脚裤青年休闲9分裤子潮流显瘦', null, 'images/ku3.jpg', 'Medium');
INSERT INTO `browseproduct` VALUES ('28', 'ZARA', '28', '5', '345', '81', '春夏折扣 ZARA 男装 舒适西裤 04103602805', null, 'images/ku4.jpg', 'Medium');
INSERT INTO `browseproduct` VALUES ('29', '英伦潮衣馆', '29', '5', '345', '81', '夏季男装碎花翻边休闲九分裤男韩版潮流英伦小脚修身9分裤子男裤 ', null, 'images/ku5.jpg', 'Medium');
INSERT INTO `browseproduct` VALUES ('30', '爱丸', '30', '5', '345', '81', '2016爱爱丸 7.06夏装新款 趣味波浪花瓣边拉须纯色牛仔短裤附腰带  ', null, 'images/ku6.jpg', 'Medium');
INSERT INTO `browseproduct` VALUES ('31', '黛米', '31', '6', '345', '81', '黛米珠宝 蜜缘 强光天淡水珍珠手链可调节链然母亲节送妈妈正品女 \r\n\r\n珠形饱满 强光亮泽 性价比好 可调节长度 \r\n', null, 'images/zhubao1.jpg', 'Medium');
INSERT INTO `browseproduct` VALUES ('32', 'jewelvary', '32', '6', '345', '81', 'Jewelvary 18k金女款十二星座情侣钻石吊坠项链 意大利进口 轻奢 \r\n\r\n意大利知名 设计师 星辰灵感 18K金 钻石镶嵌 \r\n \r\n', null, 'images/zhubao2.jpg', 'Medium');
INSERT INTO `browseproduct` VALUES ('33', '米莱', '33', '6', '345', '81', '米莱珠宝 0.65克拉祖母绿戒指 18K金（黄）镶嵌钻石指环 彩宝', null, 'images/zhubao3.jpg', 'Medium');
INSERT INTO `browseproduct` VALUES ('34', '思漫', '34', '6', '345', '81', '思漫珠宝 夜魅大溪地黑珍珠吊坠10-13mm正圆18K金然珍珠吊坠项链 \r\n\r\n支持7天无理 由退换货 源产地直供 支持复检 \r\n', null, 'images/zhubao4.jpg', 'Medium');
INSERT INTO `browseproduct` VALUES ('35', '喜钻', '36', '6', '345', '81', '促喜钻珠宝GIA裸钻订制 铂金结婚钻石女戒18K金1克拉钻石戒指钻戒 \r\n\r\n经典皇冠六爪 天然钻石 璀璨闪耀 求婚成功秘决 \r\n\r\n', null, 'images/zhubao6.jpg', 'Medium');
INSERT INTO `browseproduct` VALUES ('36', 'NIKE', '37', '7', '345', '81', 'Nike 耐克官方 NIKE ROSHE ONE 女子运动鞋 844994 \r\n', null, 'images/xie1.jpg', 'Medium');
INSERT INTO `browseproduct` VALUES ('37', '天天特价', '38', '7', '345', '81', '天天特价平底一字拖真皮凉拖鞋女夏季室外孕妇防滑舒适女拖鞋潮款 \r\n', null, 'images/xie2.jpg', 'Medium');
INSERT INTO `browseproduct` VALUES ('38', '旺古', '39', '7', '345', '81', '动力足真皮坡跟凉拖鞋高跟厚底凉鞋简约休闲一字拖鞋女夏2016新款 ', null, 'images/xie3.jpg', 'Medium');
INSERT INTO `browseproduct` VALUES ('39', '欧琦蔓', '40', '7', '345', '81', '欧琦蔓2016春夏新款森女系个性女鞋舒适软底手工缝制四季单鞋5172 ', null, 'images/xie4.jpg', 'Medium');
INSERT INTO `browseproduct` VALUES ('40', '匹克', '41', '7', '345', '81', '匹克篮球鞋男鞋2016春新款正品耐磨防滑减震运动鞋专业篮球鞋男 ', null, 'images/xie5.jpg', 'Medium');
INSERT INTO `browseproduct` VALUES ('41', '西斯舶来', '35', '6', '345', '81', '新货珠宝批发 正圆10-11-12MM强光淡水天然珍珠项链正品女 送妈妈', null, 'images/zhubao5.jpg', 'Medium');
INSERT INTO `browseproduct` VALUES ('42', '达芙妮', '42', '7', '345', '81', '达芙妮弥尊正品2016秋季新款真皮漆皮女鞋粗跟时尚工作中跟女单鞋 ', null, 'images/xie6.jpg', 'Medium');
INSERT INTO `browseproduct` VALUES ('43', 'PXH', '43', '8', '345', '81', '小西装男土休闲外套男秋季2016潮流男士西服青春流行帅气xifu修身 ', null, 'images/xifu1.jpg', 'Medium');
INSERT INTO `browseproduct` VALUES ('44', '长人', '44', '8', '345', '81', '韩版西服潮男版男装显瘦小西装春秋装外套青少年xifu薄款便服单西 ', null, 'images/xifu2.jpg', 'Medium');
INSERT INTO `browseproduct` VALUES ('45', '男式西装', '45', '8', '345', '81', '正品热卖时尚夏款青年海南西服夏款之家xifu2016夏装男式西装便西 ', null, 'images/xifu3.jpg', 'Medium');
INSERT INTO `browseproduct` VALUES ('46', 'nanz', '46', '8', '345', '81', '春季新款男qiuz小西装xiz韩版nanz修身nan士xifu英伦PU皮衣短外套 ', null, 'images/xifu4.jpg', 'Medium');
INSERT INTO `browseproduct` VALUES ('47', '莱卡', '47', '8', '345', '81', '男士新款西装三件套 时尚新郎装职业正装 韩版礼服西服套装 xifu', null, 'images/xifu5.jpg', 'Medium');
INSERT INTO `browseproduct` VALUES ('48', '第六感', '48', '8', '345', '81', '潮男职业装男士小西装 男 修身 韩版休闲西服套装男生小西服xifu ', null, 'images/xifu6.jpg', 'Medium');
INSERT INTO `browseproduct` VALUES ('49', '高爵', '49', '9', '345', '81', '高爵男士太阳镜新款偏光潮人墨镜司机镜开车钓鱼太阳眼镜蛤蟆镜男 ', null, 'images/mojing1.jpg', 'Medium');
INSERT INTO `browseproduct` VALUES ('50', '雷德蒙', '50', '9', '345', '81', '新款偏光太阳镜男女潮人炫彩蛤蟆镜驾驶镜司机镜开车墨镜太阳眼镜', null, 'images/mojing2.jpg', 'Medium');
INSERT INTO `browseproduct` VALUES ('51', 'ISMA', '51', '9', '345', '81', '明星款太阳镜女 2016新款 时尚女士潮款防紫外线偏光镜墨镜 包邮 ', null, 'images/mojing3.jpg', 'Medium');
INSERT INTO `browseproduct` VALUES ('52', '韩掌柜', '52', '9', '345', '81', '新款偏光近视太阳镜圆脸韩版眼镜墨镜女时尚复古个性潮2016明星款 ', null, 'images/mojing4.jpg', 'Medium');
INSERT INTO `browseproduct` VALUES ('53', 'MAJA', '53', '9', '345', '81', '太阳镜男方形个性墨镜男飞行员墨镜潮人运动偏光镜开车司机驾驶镜', null, 'images/mojing5.jpg', 'Medium');
INSERT INTO `browseproduct` VALUES ('54', '锐盾', '54', '9', '345', '81', '锐盾偏光太阳镜男士墨镜铝镁司机驾驶镜夜视太阳眼镜开车专用眼睛', null, 'images/mojing6.jpg', 'Medium');
INSERT INTO `browseproduct` VALUES ('55', '天天特价', '55', '10', '345', '81', '【天天特价】膳魔师原装正品保温杯硅胶杯垫/底套 防磨损底托', null, 'images/bei1.jpg', null);
INSERT INTO `browseproduct` VALUES ('56', '奈斯', '56', '10', '345', '81', '奈斯 复仇者联盟水杯 创意陶瓷马克杯 办公室情侣杯子带盖带勺', null, 'images/bei2.jpg', null);
INSERT INTO `browseproduct` VALUES ('57', '乐活森', '57', '10', '345', '81', '乐活森陶瓷漱口杯 刷牙杯卡通牙刷杯子情侣创意可爱萝卜杯多色 ', null, 'images/bei3.jpg', null);
INSERT INTO `browseproduct` VALUES ('58', '龙江', '58', '10', '345', '81', '日系清新小草莓樱花玻璃吸管杯 牛奶果汁玻璃杯 耐热微波炉可用 ', null, 'images/bei4.jpg', null);
INSERT INTO `browseproduct` VALUES ('59', '特百惠', '59', '10', '345', '81', '特百惠水杯官方旗舰店正品430ml310ml塑料随手杯运动便携学生男女', null, 'images/bei5.jpg', null);
INSERT INTO `browseproduct` VALUES ('60', '斯奈尔', '60', '10', '345', '81', '斯奈尔正品玻璃杯双层带盖水杯创意男女士杯子便携过滤网玻璃茶杯 \r\n\r\n超实惠 品牌旗舰店 质量过硬', null, 'images/bei6.jpg', null);
INSERT INTO `browseproduct` VALUES ('61', '瑞之源', '61', '11', '345', '81', '假一赔三 热销爆款 终身保修 质量保证 送真皮带', null, 'images/biao1.jpg', null);
INSERT INTO `browseproduct` VALUES ('62', '天王', '62', '11', '345', '81', '天王表正品男表防水全自动机械表 钢带男士手表潮流休闲腕表5845 \r\n\r\n品牌直营 3期分期免息 联保包邮 简约经典 \r\n', null, 'images/biao2.jpg', null);
INSERT INTO `browseproduct` VALUES ('63', '卡梭', '63', '11', '345', '81', '瑞士正品卡梭手表男士全自动机械表男表防水18K金天王星品质腕表 ', null, 'images/biao3.jpg', null);
INSERT INTO `browseproduct` VALUES ('64', '米兰尼斯', '64', '11', '345', '81', '正品商务休闲男表时尚潮流手表男款防水石英表精钢带男士手表简约  ', null, 'images/biao4.jpg', null);
INSERT INTO `browseproduct` VALUES ('65', '佳明', '65', '11', '345', '81', 'Garmin佳明fenix3HR飞耐时3 GPS光电心率户外跑步运动登山手表 ', null, 'images/biao5.jpg', null);
INSERT INTO `browseproduct` VALUES ('66', '梵瑞诗', '66', '11', '345', '81', '正品带钻女士小表盘超薄手表女表真皮带石英表女时尚腕表防水正品 ', null, 'images/biao6.jpg', null);
INSERT INTO `browseproduct` VALUES ('67', '恒源翔', '67', '12', '345', '81', '恒源祥袜子男纯棉夏季薄款船袜低帮运动防臭男袜隐形短筒男士短袜 \r\n\r\n纯棉 舒适透气 夏季薄款 低帮船袜 6双礼盒装 \r\n', null, 'images/wazi1.jpg', null);
INSERT INTO `browseproduct` VALUES ('68', '船袜', '68', '12', '345', '81', '船袜男士薄款袜子男短袜夏季低帮浅口吸汗纯棉男短筒男袜纯色棉袜 ', null, 'images/wazi2.jpg', null);
INSERT INTO `browseproduct` VALUES ('69', 'wa品馆', '69', '12', '345', '81', '袜子男夏季薄款竹炭纤维短袜男士防臭袜低帮短筒透气礼盒袜运动袜  ', null, 'images/wazi3.jpg', null);
INSERT INTO `browseproduct` VALUES ('70', '浪莎', '70', '12', '345', '81', '浪莎袜子男士春夏薄款加大码网眼防臭男袜 特大号网眼商务棉袜  ', null, 'images/wazi4.jpg', null);
INSERT INTO `browseproduct` VALUES ('71', 'HYM', '71', '12', '345', '81', '100双加厚一次性袜溜冰场袜子游乐园早教旱冰场等专用袜套 带松紧', null, 'images/wazi5.jpg', null);
INSERT INTO `browseproduct` VALUES ('72', '花花公子', '72', '12', '345', '81', '花花公子男袜 春夏季薄款男士袜子全棉 吸汗透气3白+3浅灰 ', null, 'images/wazi6.jpg', null);
INSERT INTO `browseproduct` VALUES ('73', '华为', '73', '13', '345', '81', '华为matebook 12英寸平板二合一笔记本电脑mate book 现货 ', null, 'images/diannao1.jpg', null);
INSERT INTO `browseproduct` VALUES ('74', '苹果', '74', '13', '345', '81', 'IMAC20寸A1224Apple苹果一体机电脑原装正品双核 办公室装B神器', null, 'images/diannao2.jpg', null);
INSERT INTO `browseproduct` VALUES ('75', '联想', '75', '13', '345', '81', '联想 拯救者15-ISK(i5进取版) ', null, 'images/diannao3.jpg', null);
INSERT INTO `browseproduct` VALUES ('76', '华硕', '76', '13', '345', '81', 'Asus/华硕 R R417SA3150超薄四核14寸手提轻薄游戏办公笔记本电脑 \r\n\r\n华硕新品 R417 E402 512G固态 四核 \r\n', null, 'images/diannao4.jpg', null);
INSERT INTO `browseproduct` VALUES ('77', '三星', '77', '13', '345', '81', 'Samsung/三星 NP900X3 NP900X3G-K01CN 900X3L-K02 K01笔记本电脑 ', null, 'images/diannao5.jpg', null);
INSERT INTO `browseproduct` VALUES ('78', '三星', '78', '13', '345', '81', 'K02 K01笔记本电脑 ', null, 'images/diannao6.jpg', null);
INSERT INTO `browseproduct` VALUES ('79', '华为 G9 青春版 ', '79', '14', '345', '81', '高铁模式+\r\n\r\n高光C角\r\n\r\n指纹识别', null, 'images/shouji1.jpg', null);
INSERT INTO `browseproduct` VALUES ('80', '魅族 魅蓝3s', '80', '14', '345', '81', '\r\n\r\nmTouch 2.1 指纹支付\r\n\r\n2.5D 全贴合屏幕', null, 'images/shouji2.jpg', null);
INSERT INTO `browseproduct` VALUES ('81', '荣耀 荣耀8 ', '81', '14', '345', '81', '\r\n\r\n双镜头\r\n\r\n双2.5D玻璃\r\n\r\n双功能指纹', null, 'images/shouji3.jpg', null);
INSERT INTO `browseproduct` VALUES ('82', 'OPPO A37 ', '82', '14', '345', '81', '\r\n\r\n全新美颜4.0\r\n\r\nNFC闪付\r\n\r\nReal原声技术', null, 'images/shouji4.jpg', null);
INSERT INTO `browseproduct` VALUES ('83', '华为 P9 Plus', '83', '14', '345', '81', '双IC快速充电\r\n\r\n莱卡双摄像头\r\n\r\n两级压感触控', null, 'images/shouji5.jpg', null);
INSERT INTO `browseproduct` VALUES ('84', 'OPPO R9 Plus', '84', '14', '345', '81', '\r\n\r\n搭配VOOC闪充\r\n\r\n充电5分钟，通话2小时', null, 'images/shouji6.jpg', null);
INSERT INTO `browseproduct` VALUES ('85', 'Sanyo/三洋', '85', '18', '345', '81', 'Sanyo/三洋 EM-GF668小型侧拉门平板微波炉机械式 家用普通型正品 \r\n\r\n均温加热技术 零辐射 易清洗内胆 便捷扭键操作 \r\n', null, 'images/wei1.jpg', null);
INSERT INTO `browseproduct` VALUES ('86', 'Galanz/格兰仕', '86', '18', '345', '81', 'Galanz/格兰仕 G80F23CN2P-B5(R0)家用智能光波炉微波炉烧烤正品 \r\n\r\n精品特惠 光波烧烤 800瓦 23升 \r\n', null, 'images/wei2.jpg', null);
INSERT INTO `browseproduct` VALUES ('87', '鸿光 ', '87', '18', '345', '81', '鸿光 HG HG-E11D光波炉 无辐射新智能烤肉炉烤箱空气炸锅小微波炉 \r\n\r\n无辐射 无油烟 食物零油脂 在家做薯条 多种烧烤 \r\n', null, 'images/wei3.jpg', null);
INSERT INTO `browseproduct` VALUES ('88', 'Sanyo/三洋', '88', '18', '345', '81', 'Sanyo/三洋 EM-GF6321EP家用微波炉23L升带烧烤箱不锈钢内胆蒸汽 \r\n\r\n光波烧烤 够大容量 加热快 不锈钢内胆 蒸汽抑菌 \r\n', null, 'images/wei4.jpg', null);
INSERT INTO `browseproduct` VALUES ('89', 'Galanz/格兰仕', '89', '18', '345', '81', 'Galanz/格兰仕 G80F23CN3XL-R6K(R9)家用微波炉光波炉23L 智能 \r\n\r\n800W 一级能效 高端下拉门 \r\n', null, 'images/wei5.jpg', null);
INSERT INTO `browseproduct` VALUES ('90', 'Galanz/格兰仕', '90', '18', '345', '81', '【阿里智能】Galanz/格兰仕 G80F23CN3LN-C2(C0)家用微波炉光波炉 ', null, 'images/wei6.jpg', null);

-- ----------------------------
-- Table structure for `class`
-- ----------------------------
DROP TABLE IF EXISTS `class`;
CREATE TABLE `class` (
  `classid` int(4) NOT NULL AUTO_INCREMENT,
  `classname` varchar(40) NOT NULL,
  `remark` varchar(120) DEFAULT NULL,
  PRIMARY KEY (`classid`)
) ENGINE=InnoDB AUTO_INCREMENT=19 DEFAULT CHARSET=utf8;

-- ----------------------------
-- Records of class
-- ----------------------------
INSERT INTO `class` VALUES ('1', '配饰', '首饰之类');
INSERT INTO `class` VALUES ('2', '包', '各种样式的包');
INSERT INTO `class` VALUES ('3', '帽子', '各种样式的帽子');
INSERT INTO `class` VALUES ('4', '衣服', '各种样式的衣服');
INSERT INTO `class` VALUES ('5', '裤子', '各种样式的裤子');
INSERT INTO `class` VALUES ('6', '珠宝', '高端品味');
INSERT INTO `class` VALUES ('7', '鞋', '各种各样的鞋');
INSERT INTO `class` VALUES ('8', '西服', '高端衣服');
INSERT INTO `class` VALUES ('9', '墨镜', '健康良好');
INSERT INTO `class` VALUES ('10', '水杯', '凄凄切切');
INSERT INTO `class` VALUES ('11', '手表', '普通表名表');
INSERT INTO `class` VALUES ('12', '袜子', '男女袜子');
INSERT INTO `class` VALUES ('13', '电脑', '价格质量各异的电脑');
INSERT INTO `class` VALUES ('14', '手机', '各种品牌的手机');
INSERT INTO `class` VALUES ('18', '微波炉', '家具类');

-- ----------------------------
-- Table structure for `ordero`
-- ----------------------------
DROP TABLE IF EXISTS `ordero`;
CREATE TABLE `ordero` (
  `orderid` int(4) NOT NULL AUTO_INCREMENT,
  `ordername` varchar(200) NOT NULL,
  `productid` int(4) NOT NULL,
  `number` int(40) NOT NULL,
  `userid` int(10) NOT NULL,
  `userjudge` varchar(120) DEFAULT NULL,
  `createtime` date NOT NULL,
  `isdelorder` int(10) NOT NULL,
  `remark` varchar(120) DEFAULT NULL,
  `receiver` int(100) DEFAULT NULL,
  `ind` int(100) unsigned zerofill DEFAULT NULL,
  `size` varchar(400) DEFAULT NULL,
  PRIMARY KEY (`orderid`),
  KEY `productid` (`productid`),
  KEY `userid` (`userid`),
  CONSTRAINT `productid` FOREIGN KEY (`productid`) REFERENCES `product` (`productid`),
  CONSTRAINT `userid` FOREIGN KEY (`userid`) REFERENCES `user` (`userid`)
) ENGINE=InnoDB AUTO_INCREMENT=157 DEFAULT CHARSET=utf8;

-- ----------------------------
-- Records of ordero
-- ----------------------------
INSERT INTO `ordero` VALUES ('1', '1', '9', '6', '35', '675', '2016-07-18', '0', '21', null, '0000000000000000000000000000000000000000000000000000000000000000000000000000000000000000000000000000', 'Medium');
INSERT INTO `ordero` VALUES ('2', '1', '9', '2', '35', '23', '2016-07-10', '0', '23', null, '0000000000000000000000000000000000000000000000000000000000000000000000000000000000000000000000000000', 'Medium');
INSERT INTO `ordero` VALUES ('3', '1', '2', '3', '35', '32', '2016-07-11', '0', '23', null, '0000000000000000000000000000000000000000000000000000000000000000000000000000000000000000000000000000', 'Medium');
INSERT INTO `ordero` VALUES ('4', '1', '5', '12', '35', '213', '2016-07-20', '0', '54', null, '0000000000000000000000000000000000000000000000000000000000000000000000000000000000000000000000000000', 'Medium');
INSERT INTO `ordero` VALUES ('8', '1', '8', '6', '35', '156', '2016-07-19', '0', '54', null, '0000000000000000000000000000000000000000000000000000000000000000000000000000000000000000000000000000', 'Medium');
INSERT INTO `ordero` VALUES ('9', '1', '8', '8', '35', '48', '2016-07-11', '0', '654', null, '0000000000000000000000000000000000000000000000000000000000000000000000000000000000000000000000000000', 'Medium');
INSERT INTO `ordero` VALUES ('10', '5', '5', '5', '35', '5', '2016-07-28', '0', '45', null, '0000000000000000000000000000000000000000000000000000000000000000000000000000000000000000000000000000', 'Medium');
INSERT INTO `ordero` VALUES ('11', '2', '2', '54', '35', '165', '2016-07-28', '0', null, null, '0000000000000000000000000000000000000000000000000000000000000000000000000000000000000000000000000000', 'Medium');
INSERT INTO `ordero` VALUES ('12', '7', '4', '8', '35', '87', '2016-07-30', '0', '54', null, '0000000000000000000000000000000000000000000000000000000000000000000000000000000000000000000000000000', 'Medium');
INSERT INTO `ordero` VALUES ('13', '9', '9', '9', '35', '6874', '2016-07-27', '0', '874', null, '0000000000000000000000000000000000000000000000000000000000000000000000000000000000000000000000000000', 'Medium');
INSERT INTO `ordero` VALUES ('14', '1', '5', '4', '35', '46', '2016-07-22', '0', '56', null, '0000000000000000000000000000000000000000000000000000000000000000000000000000000000000000000000000000', 'Medium');
INSERT INTO `ordero` VALUES ('15', '5', '1', '8', '35', '78', '2016-07-30', '0', '456', null, '0000000000000000000000000000000000000000000000000000000000000000000000000000000000000000000000000000', 'Medium');
INSERT INTO `ordero` VALUES ('16', '11111', '1', '1', '35', '123', '2016-07-22', '0', null, null, '0000000000000000000000000000000000000000000000000000000000000000000000000000000000000000000000000000', 'Medium');
INSERT INTO `ordero` VALUES ('17', '11111', '1', '1', '35', '123', '2016-07-22', '0', null, null, '0000000000000000000000000000000000000000000000000000000000000000000000000000000000000000000000000000', 'Medium');
INSERT INTO `ordero` VALUES ('18', '11111', '1', '1', '35', '123', '2016-07-22', '0', null, null, '0000000000000000000000000000000000000000000000000000000000000000000000000000000000000000000000000000', 'Medium');
INSERT INTO `ordero` VALUES ('19', '11111', '1', '1', '35', '123', '2016-07-22', '0', null, null, '0000000000000000000000000000000000000000000000000000000000000000000000000000000000000000000000000000', 'Medium');
INSERT INTO `ordero` VALUES ('25', '11111', '2', '1', '19', '123', '2016-07-22', '1', null, null, '0000000000000000000000000000000000000000000000000000000000000000000000000000000000000000000000000000', 'Medium');
INSERT INTO `ordero` VALUES ('26', '11111', '4', '1', '19', '123', '2016-07-22', '1', null, null, '0000000000000000000000000000000000000000000000000000000000000000000000000000000000000000000000000000', 'Medium');
INSERT INTO `ordero` VALUES ('27', '11111', '13', '1', '19', '123', '2016-07-22', '1', null, null, '0000000000000000000000000000000000000000000000000000000000000000000000000000000000000000000000000000', 'Medium');
INSERT INTO `ordero` VALUES ('28', '11111', '2', '1', '19', '123', '2016-07-22', '1', null, null, '0000000000000000000000000000000000000000000000000000000000000000000000000000000000000000000000000000', 'Medium');
INSERT INTO `ordero` VALUES ('29', '11111', '4', '1', '35', '123', '2016-07-23', '0', null, null, '0000000000000000000000000000000000000000000000000000000000000000000000000000000000000000000000000000', 'Medium');
INSERT INTO `ordero` VALUES ('30', '11111', '4', '1', '35', '123', '2016-07-23', '0', null, null, '0000000000000000000000000000000000000000000000000000000000000000000000000000000000000000000000000000', 'Medium');
INSERT INTO `ordero` VALUES ('31', '11111', '1', '1', '35', '123', '2016-07-23', '0', null, null, '0000000000000000000000000000000000000000000000000000000000000000000000000000000000000000000000000000', 'Medium');
INSERT INTO `ordero` VALUES ('33', '11111', '8', '1', '35', '123', '2016-07-25', '0', null, null, '0000000000000000000000000000000000000000000000000000000000000000000000000000000000000000000000000000', 'Medium');
INSERT INTO `ordero` VALUES ('34', '11111', '2', '1', '25', '123', '2016-07-25', '1', null, null, '0000000000000000000000000000000000000000000000000000000000000000000000000000000000000000000000000000', 'Medium');
INSERT INTO `ordero` VALUES ('37', 'ba379c76d474f06', '27', '1', '31', null, '2016-07-26', '1', '九分牛仔裤男士夏季新款韩版修身小脚裤青年休闲9分裤子潮流显瘦', '0', '0000000000000000000000000000000000000000000000000000000000000000000000000000000000000000000000000000', 'Medium');
INSERT INTO `ordero` VALUES ('38', 'ba379c76d474f06', '22', '1', '31', null, '2016-07-26', '1', '夏季男士短袖T恤翻领修身全棉体系有领休闲上衣服带领青少年字母 ', '0', '0000000000000000000000000000000000000000000000000000000000000000000000000000000000000000000000000000', 'Medium');
INSERT INTO `ordero` VALUES ('39', '12321312', '1', '10', '31', null, '2019-01-01', '1', 'jjjjj', '0', '0000000000000000000000000000000000000000000000000000000000000000000000000000000000000000000000000000', 'Medium');
INSERT INTO `ordero` VALUES ('40', '5bac9e7858691e5', '7', '1', '31', null, '2016-07-26', '1', '圣尼诗时尚女士包包2016新款 女包手提包 春季百搭单肩斜挎包大包 ', '0', '0000000000000000000000000000000000000000000000000000000000000000000000000000000000000000000000000000', 'Medium');
INSERT INTO `ordero` VALUES ('41', '5bac9e7858691e5', '19', '2', '31', null, '2016-07-26', '1', '男夏装短袖t恤男圆领简约体血衫韩版修身条纹半袖青年休闲上衣服2016新款青春时尚', '0', '0000000000000000000000000000000000000000000000000000000000000000000000000000000000000000000000000000', 'Medium');
INSERT INTO `ordero` VALUES ('42', '20160726110709', '7', '1', '35', null, '2016-07-26', '0', null, '0', '0000000000000000000000000000000000000000000000000000000000000000000000000000000000000000000000000000', 'Medium');
INSERT INTO `ordero` VALUES ('43', '20160726111031', '8', '1', '35', null, '2016-07-26', '0', null, '0', '0000000000000000000000000000000000000000000000000000000000000000000000000000000000000000000000000000', 'Medium');
INSERT INTO `ordero` VALUES ('44', '20160726111100', '9', '1', '35', null, '2016-07-26', '0', null, '0', '0000000000000000000000000000000000000000000000000000000000000000000000000000000000000000000000000000', 'Medium');
INSERT INTO `ordero` VALUES ('51', '20160726125042', '1', '1', '35', null, '2016-07-26', '0', null, '0', '0000000000000000000000000000000000000000000000000000000000000000000000000000000000000000000000000000', 'Medium');
INSERT INTO `ordero` VALUES ('52', '20160726125351', '2', '1', '35', null, '2016-07-26', '0', null, '0', '0000000000000000000000000000000000000000000000000000000000000000000000000000000000000000000000000000', 'Medium');
INSERT INTO `ordero` VALUES ('53', '20160726125410', '14', '1', '35', null, '2016-07-26', '0', null, '0', '0000000000000000000000000000000000000000000000000000000000000000000000000000000000000000000000000000', 'Medium');
INSERT INTO `ordero` VALUES ('54', '20160726125410', '1', '1', '35', null, '2016-07-26', '0', null, '0', '0000000000000000000000000000000000000000000000000000000000000000000000000000000000000000000000000000', 'Medium');
INSERT INTO `ordero` VALUES ('55', '20160726134357', '2', '1', '35', null, '2016-07-26', '0', null, '0', '0000000000000000000000000000000000000000000000000000000000000000000000000000000000000000000000000000', 'Medium');
INSERT INTO `ordero` VALUES ('56', '20160726134434', '2', '1', '35', null, '2016-07-26', '0', null, '0', '0000000000000000000000000000000000000000000000000000000000000000000000000000000000000000000000000000', 'Medium');
INSERT INTO `ordero` VALUES ('57', '20160726134434', '7', '1', '35', null, '2016-07-26', '0', null, '0', '0000000000000000000000000000000000000000000000000000000000000000000000000000000000000000000000000000', 'Medium');
INSERT INTO `ordero` VALUES ('58', '20160726134434', '4', '1', '35', null, '2016-07-26', '0', null, '0', '0000000000000000000000000000000000000000000000000000000000000000000000000000000000000000000000000000', 'Medium');
INSERT INTO `ordero` VALUES ('59', '20160726134807', '4', '1', '35', null, '2016-07-26', '0', null, '0', '0000000000000000000000000000000000000000000000000000000000000000000000000000000000000000000000000000', 'Medium');
INSERT INTO `ordero` VALUES ('60', '20160726134807', '4', '1', '35', null, '2016-07-26', '0', null, '0', '0000000000000000000000000000000000000000000000000000000000000000000000000000000000000000000000000000', 'Medium');
INSERT INTO `ordero` VALUES ('61', '20160726134807', '4', '1', '35', null, '2016-07-26', '0', null, '0', '0000000000000000000000000000000000000000000000000000000000000000000000000000000000000000000000000000', 'Medium');
INSERT INTO `ordero` VALUES ('62', '20160726135419', '2', '1', '35', null, '2016-07-26', '0', null, '0', '0000000000000000000000000000000000000000000000000000000000000000000000000000000000000000000000000000', 'Medium');
INSERT INTO `ordero` VALUES ('63', '20160726135419', '4', '1', '35', null, '2016-07-26', '0', null, '0', '0000000000000000000000000000000000000000000000000000000000000000000000000000000000000000000000000000', 'Medium');
INSERT INTO `ordero` VALUES ('64', '20160726143712', '1', '1', '35', null, '2016-07-26', '0', null, '0', '0000000000000000000000000000000000000000000000000000000000000000000000000000000000000000000000000000', 'Medium');
INSERT INTO `ordero` VALUES ('65', '20160726143712', '4', '1', '35', null, '2016-07-26', '0', null, '0', '0000000000000000000000000000000000000000000000000000000000000000000000000000000000000000000000000001', 'Medium');
INSERT INTO `ordero` VALUES ('66', '20160726143712', '2', '1', '35', null, '2016-07-26', '0', null, '0', '0000000000000000000000000000000000000000000000000000000000000000000000000000000000000000000000000002', 'Medium');
INSERT INTO `ordero` VALUES ('67', '20160726144527', '2', '1', '35', null, '2016-07-26', '0', null, '0', '0000000000000000000000000000000000000000000000000000000000000000000000000000000000000000000000000000', 'Medium');
INSERT INTO `ordero` VALUES ('68', '20160726144527', '2', '1', '35', null, '2016-07-26', '0', null, '0', '0000000000000000000000000000000000000000000000000000000000000000000000000000000000000000000000000001', 'Medium');
INSERT INTO `ordero` VALUES ('69', '20160726144527', '2', '1', '35', null, '2016-07-26', '0', null, '0', '0000000000000000000000000000000000000000000000000000000000000000000000000000000000000000000000000002', 'Medium');
INSERT INTO `ordero` VALUES ('70', '20160726150554', '2', '1', '35', null, '2016-07-26', '0', null, '0', '0000000000000000000000000000000000000000000000000000000000000000000000000000000000000000000000000000', 'Medium');
INSERT INTO `ordero` VALUES ('71', '20160726151748', '2', '1', '35', null, '2016-07-26', '0', null, '0', '0000000000000000000000000000000000000000000000000000000000000000000000000000000000000000000000000000', 'Medium');
INSERT INTO `ordero` VALUES ('72', '20160726151822', '13', '1', '35', null, '2016-07-26', '0', null, '0', '0000000000000000000000000000000000000000000000000000000000000000000000000000000000000000000000000000', 'Medium');
INSERT INTO `ordero` VALUES ('73', '20160726151822', '4', '1', '35', null, '2016-07-26', '0', null, '0', '0000000000000000000000000000000000000000000000000000000000000000000000000000000000000000000000000001', 'Medium');
INSERT INTO `ordero` VALUES ('74', '20160726151822', '8', '1', '35', null, '2016-07-26', '0', null, '0', '0000000000000000000000000000000000000000000000000000000000000000000000000000000000000000000000000002', 'Medium');
INSERT INTO `ordero` VALUES ('75', '20160726152150', '7', '1', '35', null, '2016-07-26', '0', null, '0', '0000000000000000000000000000000000000000000000000000000000000000000000000000000000000000000000000000', 'Medium');
INSERT INTO `ordero` VALUES ('76', '20160726152150', '7', '1', '35', null, '2016-07-26', '0', null, '0', '0000000000000000000000000000000000000000000000000000000000000000000000000000000000000000000000000001', 'Medium');
INSERT INTO `ordero` VALUES ('77', '20160726152150', '4', '1', '35', null, '2016-07-26', '0', null, '0', '0000000000000000000000000000000000000000000000000000000000000000000000000000000000000000000000000002', 'Medium');
INSERT INTO `ordero` VALUES ('78', '20160726152612', '13', '1', '35', null, '2016-07-26', '0', null, '0', '0000000000000000000000000000000000000000000000000000000000000000000000000000000000000000000000000000', 'Medium');
INSERT INTO `ordero` VALUES ('79', '20160726152612', '4', '1', '35', null, '2016-07-26', '0', null, '0', '0000000000000000000000000000000000000000000000000000000000000000000000000000000000000000000000000001', 'Medium');
INSERT INTO `ordero` VALUES ('80', '20160726152901', '2', '1', '35', null, '2016-07-26', '0', null, '0', '0000000000000000000000000000000000000000000000000000000000000000000000000000000000000000000000000000', 'Medium');
INSERT INTO `ordero` VALUES ('81', '20160726152901', '4', '1', '35', null, '2016-07-26', '0', null, '0', '0000000000000000000000000000000000000000000000000000000000000000000000000000000000000000000000000001', 'Medium');
INSERT INTO `ordero` VALUES ('82', '20160726153032', '4', '1', '35', null, '2016-07-26', '0', null, '0', '0000000000000000000000000000000000000000000000000000000000000000000000000000000000000000000000000000', 'Medium');
INSERT INTO `ordero` VALUES ('83', '20160726153032', '1', '1', '35', null, '2016-07-26', '0', null, '0', '0000000000000000000000000000000000000000000000000000000000000000000000000000000000000000000000000001', 'Medium');
INSERT INTO `ordero` VALUES ('84', '29976f4cd347ba0', '23', '2', '31', null, '2016-07-26', '1', '青少年T恤男学生短袖修身上衣服初中学生高中夏季潮男士体恤潮流 ', '0', '0000000000000000000000000000000000000000000000000000000000000000000000000000000000000000000000000000', 'Medium');
INSERT INTO `ordero` VALUES ('85', '20160726153733', '2', '1', '35', null, '2016-07-26', '0', null, '0', '0000000000000000000000000000000000000000000000000000000000000000000000000000000000000000000000000000', 'Medium');
INSERT INTO `ordero` VALUES ('86', '20160726153733', '1', '1', '35', null, '2016-07-26', '0', null, '0', '0000000000000000000000000000000000000000000000000000000000000000000000000000000000000000000000000001', 'Medium');
INSERT INTO `ordero` VALUES ('87', '20160726153733', '4', '1', '35', null, '2016-07-26', '0', null, '0', '0000000000000000000000000000000000000000000000000000000000000000000000000000000000000000000000000002', 'Medium');
INSERT INTO `ordero` VALUES ('88', '20160726154053', '2', '1', '35', null, '2016-07-26', '0', null, '0', '0000000000000000000000000000000000000000000000000000000000000000000000000000000000000000000000000000', 'Medium');
INSERT INTO `ordero` VALUES ('89', '20160726154053', '4', '1', '35', null, '2016-07-26', '0', null, '0', '0000000000000000000000000000000000000000000000000000000000000000000000000000000000000000000000000001', 'Medium');
INSERT INTO `ordero` VALUES ('90', '20160726154300', '2', '1', '35', null, '2016-07-26', '0', null, '0', '0000000000000000000000000000000000000000000000000000000000000000000000000000000000000000000000000000', 'Medium');
INSERT INTO `ordero` VALUES ('91', '20160726154300', '4', '1', '35', null, '2016-07-26', '0', null, '0', '0000000000000000000000000000000000000000000000000000000000000000000000000000000000000000000000000001', 'Medium');
INSERT INTO `ordero` VALUES ('92', '20160726154514', '2', '1', '35', null, '2016-07-26', '0', null, '0', '0000000000000000000000000000000000000000000000000000000000000000000000000000000000000000000000000000', 'Medium');
INSERT INTO `ordero` VALUES ('93', '20160726154514', '4', '1', '35', null, '2016-07-26', '0', null, '0', '0000000000000000000000000000000000000000000000000000000000000000000000000000000000000000000000000001', 'Medium');
INSERT INTO `ordero` VALUES ('94', '20160726154810', '2', '1', '35', null, '2016-07-26', '0', null, '0', '0000000000000000000000000000000000000000000000000000000000000000000000000000000000000000000000000000', 'Medium');
INSERT INTO `ordero` VALUES ('95', '20160726154810', '2', '1', '35', null, '2016-07-26', '0', null, '0', '0000000000000000000000000000000000000000000000000000000000000000000000000000000000000000000000000001', 'Medium');
INSERT INTO `ordero` VALUES ('96', '20160726154810', '2', '1', '35', null, '2016-07-26', '0', null, '0', '0000000000000000000000000000000000000000000000000000000000000000000000000000000000000000000000000002', 'Medium');
INSERT INTO `ordero` VALUES ('97', '20160726155540', '2', '1', '35', null, '2016-07-26', '0', null, '0', '0000000000000000000000000000000000000000000000000000000000000000000000000000000000000000000000000000', 'Medium');
INSERT INTO `ordero` VALUES ('98', '20160726155540', '4', '1', '35', null, '2016-07-26', '0', null, '0', '0000000000000000000000000000000000000000000000000000000000000000000000000000000000000000000000000001', 'Medium');
INSERT INTO `ordero` VALUES ('99', '20160726155750', '2', '1', '35', null, '2016-07-26', '0', null, '0', '0000000000000000000000000000000000000000000000000000000000000000000000000000000000000000000000000000', 'Medium');
INSERT INTO `ordero` VALUES ('100', '20160726155750', '1', '1', '35', null, '2016-07-26', '0', null, '0', '0000000000000000000000000000000000000000000000000000000000000000000000000000000000000000000000000001', 'Medium');
INSERT INTO `ordero` VALUES ('101', '20160726160030', '2', '1', '35', null, '2016-07-26', '0', null, '0', '0000000000000000000000000000000000000000000000000000000000000000000000000000000000000000000000000000', 'Medium');
INSERT INTO `ordero` VALUES ('102', '20160726160030', '4', '1', '35', null, '2016-07-26', '0', null, '0', '0000000000000000000000000000000000000000000000000000000000000000000000000000000000000000000000000001', 'Medium');
INSERT INTO `ordero` VALUES ('103', '20160726160030', '4', '1', '35', null, '2016-07-26', '0', null, '0', '0000000000000000000000000000000000000000000000000000000000000000000000000000000000000000000000000002', 'Medium');
INSERT INTO `ordero` VALUES ('104', '20160726160428', '2', '1', '35', null, '2016-07-26', '0', null, '0', '0000000000000000000000000000000000000000000000000000000000000000000000000000000000000000000000000000', 'Medium');
INSERT INTO `ordero` VALUES ('105', '20160726160428', '2', '1', '35', null, '2016-07-26', '0', null, '0', '0000000000000000000000000000000000000000000000000000000000000000000000000000000000000000000000000000', 'Medium');
INSERT INTO `ordero` VALUES ('106', '20160726161306', '2', '1', '35', null, '2016-07-26', '0', null, '0', '0000000000000000000000000000000000000000000000000000000000000000000000000000000000000000000000000000', 'Medium');
INSERT INTO `ordero` VALUES ('107', '20160726161306', '1', '1', '35', null, '2016-07-26', '0', null, '0', '0000000000000000000000000000000000000000000000000000000000000000000000000000000000000000000000000000', 'Medium');
INSERT INTO `ordero` VALUES ('108', '20160726161306', '1', '1', '35', null, '2016-07-26', '0', null, '0', '0000000000000000000000000000000000000000000000000000000000000000000000000000000000000000000000000002', 'Medium');
INSERT INTO `ordero` VALUES ('109', '20160726161718', '1', '1', '30', null, '2016-07-26', '1', null, '0', '0000000000000000000000000000000000000000000000000000000000000000000000000000000000000000000000000000', 'Medium');
INSERT INTO `ordero` VALUES ('110', '20160726165853', '7', '1', '35', null, '2016-07-26', '0', null, '0', '0000000000000000000000000000000000000000000000000000000000000000000000000000000000000000000000000000', 'Medium');
INSERT INTO `ordero` VALUES ('111', '20160726173637', '2', '1', '35', null, '2016-07-26', '0', null, '0', '0000000000000000000000000000000000000000000000000000000000000000000000000000000000000000000000000000', 'Medium');
INSERT INTO `ordero` VALUES ('112', '20160726173830', '2', '1', '35', null, '2016-07-26', '0', null, '0', '0000000000000000000000000000000000000000000000000000000000000000000000000000000000000000000000000000', 'Medium');
INSERT INTO `ordero` VALUES ('113', '20160726173830', '2', '1', '35', null, '2016-07-26', '0', null, '0', '0000000000000000000000000000000000000000000000000000000000000000000000000000000000000000000000000000', 'Medium');
INSERT INTO `ordero` VALUES ('114', '20160727092849', '2', '1', '35', null, '2016-07-27', '0', null, '0', '0000000000000000000000000000000000000000000000000000000000000000000000000000000000000000000000000000', 'Medium');
INSERT INTO `ordero` VALUES ('115', '20160727100247', '2', '1', '35', null, '2016-07-27', '0', null, '0', '0000000000000000000000000000000000000000000000000000000000000000000000000000000000000000000000000000', 'Medium');
INSERT INTO `ordero` VALUES ('116', '20160727100247', '14', '1', '35', null, '2016-07-27', '0', null, '0', '0000000000000000000000000000000000000000000000000000000000000000000000000000000000000000000000000001', 'Medium');
INSERT INTO `ordero` VALUES ('117', '20160727103057', '4', '1', '35', null, '2016-07-27', '0', null, '0', '0000000000000000000000000000000000000000000000000000000000000000000000000000000000000000000000000000', 'Medium');
INSERT INTO `ordero` VALUES ('118', '983a06cd584f8dc', '31', '2', '31', null, '2016-07-27', '1', '黛米珠宝 蜜缘 强光天淡水珍珠手链可调节链然母亲节送妈妈正品女 \r\n\r\n珠形饱满 强光亮泽 性价比好 可调节长度 \r\n', '1', '0000000000000000000000000000000000000000000000000000000000000000000000000000000000000000000000000000', 'Medium');
INSERT INTO `ordero` VALUES ('119', '20160728103734', '1', '1', '35', null, '2016-07-28', '0', null, '0', '0000000000000000000000000000000000000000000000000000000000000000000000000000000000000000000000000000', 'Large');
INSERT INTO `ordero` VALUES ('120', '20160728103846', '1', '1', '35', null, '2016-07-28', '0', null, '0', '0000000000000000000000000000000000000000000000000000000000000000000000000000000000000000000000000000', 'Large');
INSERT INTO `ordero` VALUES ('121', '20160728104024', '1', '1', '35', null, '2016-07-28', '0', null, '0', '0000000000000000000000000000000000000000000000000000000000000000000000000000000000000000000000000000', 'Large');
INSERT INTO `ordero` VALUES ('122', '20160728110209', '1', '1', '35', null, '2016-07-28', '0', null, '0', '0000000000000000000000000000000000000000000000000000000000000000000000000000000000000000000000000000', 'Large');
INSERT INTO `ordero` VALUES ('123', '20160728110234', '1', '1', '35', null, '2016-07-28', '0', null, '0', '0000000000000000000000000000000000000000000000000000000000000000000000000000000000000000000000000000', 'Large');
INSERT INTO `ordero` VALUES ('124', '20160728110254', '1', '1', '35', null, '2016-07-28', '0', null, '0', '0000000000000000000000000000000000000000000000000000000000000000000000000000000000000000000000000000', 'Large');
INSERT INTO `ordero` VALUES ('125', '20160728110432', '1', '1', '35', null, '2016-07-28', '0', null, '0', '0000000000000000000000000000000000000000000000000000000000000000000000000000000000000000000000000000', 'Large');
INSERT INTO `ordero` VALUES ('126', '20160728110725', '1', '1', '35', null, '2016-07-28', '0', null, '0', '0000000000000000000000000000000000000000000000000000000000000000000000000000000000000000000000000000', 'Large');
INSERT INTO `ordero` VALUES ('127', '20160728110809', '1', '1', '35', null, '2016-07-28', '0', null, '0', '0000000000000000000000000000000000000000000000000000000000000000000000000000000000000000000000000000', 'Large');
INSERT INTO `ordero` VALUES ('128', '20160728110841', '1', '1', '35', null, '2016-07-28', '0', null, '0', '0000000000000000000000000000000000000000000000000000000000000000000000000000000000000000000000000000', 'Large');
INSERT INTO `ordero` VALUES ('129', '20160728122653', '23', '2', '35', null, '2016-07-28', '0', null, '0', '0000000000000000000000000000000000000000000000000000000000000000000000000000000000000000000000000000', null);
INSERT INTO `ordero` VALUES ('130', '20160728125011', '2', '1', '35', null, '2016-07-28', '0', null, '0', '0000000000000000000000000000000000000000000000000000000000000000000000000000000000000000000000000000', null);
INSERT INTO `ordero` VALUES ('132', '20160728125519', '8', '1', '35', null, '2016-07-28', '0', null, '0', '0000000000000000000000000000000000000000000000000000000000000000000000000000000000000000000000000001', null);
INSERT INTO `ordero` VALUES ('133', '20160728125519', '4', '1', '35', null, '2016-07-28', '0', null, '0', '0000000000000000000000000000000000000000000000000000000000000000000000000000000000000000000000000002', null);
INSERT INTO `ordero` VALUES ('134', '20160728125519', '1', '1', '35', null, '2016-07-28', '0', null, '0', '0000000000000000000000000000000000000000000000000000000000000000000000000000000000000000000000000003', null);
INSERT INTO `ordero` VALUES ('135', '20160728125519', '2', '1', '35', null, '2016-07-28', '0', null, '0', '0000000000000000000000000000000000000000000000000000000000000000000000000000000000000000000000000004', null);
INSERT INTO `ordero` VALUES ('136', '20160728125519', '2', '1', '35', null, '2016-07-28', '0', null, '0', '0000000000000000000000000000000000000000000000000000000000000000000000000000000000000000000000000005', null);
INSERT INTO `ordero` VALUES ('137', '20160728130335', '2', '1', '35', null, '2016-07-28', '0', null, '0', '0000000000000000000000000000000000000000000000000000000000000000000000000000000000000000000000000000', 'Large');
INSERT INTO `ordero` VALUES ('138', 'db3f1d1feadf73c', '13', '2', '31', null, '2016-07-28', '0', '英伦风春夏天黑白拼色草帽大檐遮阳小礼帽子潮女沙滩帽太阳帽出游 \r\n\r\n新款小礼帽 前后两个风格\r\n', '0', '0000000000000000000000000000000000000000000000000000000000000000000000000000000000000000000000000000', null);
INSERT INTO `ordero` VALUES ('139', '20160728150126', '2', '1', '35', null, '2016-07-28', '0', null, '0', '0000000000000000000000000000000000000000000000000000000000000000000000000000000000000000000000000000', 'Medium');
INSERT INTO `ordero` VALUES ('140', '20160728154032', '25', '1', '35', null, '2016-07-28', '0', null, '0', '0000000000000000000000000000000000000000000000000000000000000000000000000000000000000000000000000000', '30');
INSERT INTO `ordero` VALUES ('141', '20160728154921', '20', '1', '35', null, '2016-07-28', '0', null, '0', '0000000000000000000000000000000000000000000000000000000000000000000000000000000000000000000000000000', 'XL');
INSERT INTO `ordero` VALUES ('142', '20160728155636', '2', '1', '35', null, '2016-07-28', '0', null, '0', '0000000000000000000000000000000000000000000000000000000000000000000000000000000000000000000000000000', '均码');
INSERT INTO `ordero` VALUES ('143', '20160728162824', '14', '1', '35', null, '2016-07-28', '0', null, '0', '0000000000000000000000000000000000000000000000000000000000000000000000000000000000000000000000000000', '均码');
INSERT INTO `ordero` VALUES ('144', '20160728162824', '2', '1', '35', null, '2016-07-28', '0', null, '0', '0000000000000000000000000000000000000000000000000000000000000000000000000000000000000000000000000001', '均码');
INSERT INTO `ordero` VALUES ('145', '20160728162824', '2', '1', '35', null, '2016-07-28', '0', null, '0', '0000000000000000000000000000000000000000000000000000000000000000000000000000000000000000000000000002', '均码');
INSERT INTO `ordero` VALUES ('146', '20160728162824', '2', '1', '35', null, '2016-07-28', '0', null, '0', '0000000000000000000000000000000000000000000000000000000000000000000000000000000000000000000000000003', '均码');
INSERT INTO `ordero` VALUES ('147', '20160728162824', '2', '1', '35', null, '2016-07-28', '0', null, '0', '0000000000000000000000000000000000000000000000000000000000000000000000000000000000000000000000000004', '均码');
INSERT INTO `ordero` VALUES ('148', '20160728162824', '1', '1', '35', null, '2016-07-28', '0', null, '0', '0000000000000000000000000000000000000000000000000000000000000000000000000000000000000000000000000005', '均码');
INSERT INTO `ordero` VALUES ('149', '20160728162824', '2', '1', '35', null, '2016-07-28', '0', null, '0', '0000000000000000000000000000000000000000000000000000000000000000000000000000000000000000000000000006', '均码');
INSERT INTO `ordero` VALUES ('151', '20160728164301', '7', '1', '35', null, '2016-07-28', '0', null, '0', '0000000000000000000000000000000000000000000000000000000000000000000000000000000000000000000000000000', '均码');
INSERT INTO `ordero` VALUES ('152', '20160728164301', '2', '1', '35', null, '2016-07-28', '0', null, '0', '0000000000000000000000000000000000000000000000000000000000000000000000000000000000000000000000000001', '均码');
INSERT INTO `ordero` VALUES ('153', '20160728170550', '4', '1', '35', null, '2016-07-28', '1', null, '0', '0000000000000000000000000000000000000000000000000000000000000000000000000000000000000000000000000000', '均码');
INSERT INTO `ordero` VALUES ('154', '20160728170550', '2', '1', '35', null, '2016-07-28', '1', null, '0', '0000000000000000000000000000000000000000000000000000000000000000000000000000000000000000000000000001', '均码');
INSERT INTO `ordero` VALUES ('155', '8dc7e06856c51b5', '2', '3', '30', null, '2016-07-28', '0', '柏瑞帝S925银项链女锁骨链细满天星日韩国颈链配饰短银饰品无吊坠', '0', '0000000000000000000000000000000000000000000000000000000000000000000000000000000000000000000000000000', null);
INSERT INTO `ordero` VALUES ('156', '8dc7e06856c51b5', '65', '2', '30', null, '2016-07-28', '0', 'Garmin佳明fenix3HR飞耐时3 GPS光电心率户外跑步运动登山手表 ', '0', '0000000000000000000000000000000000000000000000000000000000000000000000000000000000000000000000000000', null);

-- ----------------------------
-- Table structure for `product`
-- ----------------------------
DROP TABLE IF EXISTS `product`;
CREATE TABLE `product` (
  `productid` int(4) NOT NULL AUTO_INCREMENT,
  `productname` varchar(12) NOT NULL,
  `classid` int(4) NOT NULL,
  `price` double(6,0) NOT NULL,
  `number` int(40) NOT NULL,
  `picture` varchar(400) NOT NULL,
  `remark` varchar(400) DEFAULT NULL,
  `discount` varchar(10) DEFAULT NULL,
  `tradenumber` int(200) DEFAULT NULL,
  `evaluatenumber` int(200) DEFAULT NULL,
  PRIMARY KEY (`productid`),
  KEY `classid` (`classid`),
  CONSTRAINT `classid` FOREIGN KEY (`classid`) REFERENCES `class` (`classid`)
) ENGINE=InnoDB AUTO_INCREMENT=91 DEFAULT CHARSET=utf8;

-- ----------------------------
-- Records of product
-- ----------------------------
INSERT INTO `product` VALUES ('1', '铭琳葡萄石', '1', '2000', '4566', 'images/shoushi1.jpg', '茗琳葡萄石925银饰水晶项链女短款锁骨配饰品生日礼物 吊坠 刻字 \r\n\r\n生日情人礼物 免费刻字 七夕情人节 礼物送女友 \r\n', '8.0', '1457', '55558');
INSERT INTO `product` VALUES ('2', '柏瑞帝吊坠', '1', '500', '455', 'images/shoushi2.jpg', '柏瑞帝S925银项链女锁骨链细满天星日韩国颈链配饰短银饰品无吊坠', '9.8', '5487', '2000');
INSERT INTO `product` VALUES ('3', '3*3项链', '1', '342', '2452', 'images/shoushi3.jpg', '日韩新款s925纯银拉丝方块项链吊坠锁骨链女款简约短款甜美配饰', '8.7', '654', '3465');
INSERT INTO `product` VALUES ('4', 'Mbox项链', '1', '123', '121', 'images/shoushi4.jpg', 'Mbox项链 女韩国版S925银原创镶嵌施华洛世奇锆石锁骨项链配饰品 \r\n\r\nS925银 韩版潮流 小资原创 送精美包装 \r\n', '8.8', '1232', '5454');
INSERT INTO `product` VALUES ('5', 'T400项链', '1', '231', '133', 'images/shoushi5.jpg', 'T400镶嵌施华洛世奇锆石项链女简约锁骨银饰品日韩国配饰吊坠首饰 \r\n\r\n顺丰航空 热销18万件 爱的礼物 可刻字 \r\n', '8.8', '5454', '7875');
INSERT INTO `product` VALUES ('6', '铭琳葡萄石', '1', '12323', '126', 'images/shoushi6.jpg', '茗琳葡萄石925银饰水晶项链女短款锁骨配饰品生日礼物 吊坠 刻字 \r\n\r\n生日情人礼物 免费刻字 七夕情人节 礼物送女友 \r\n', '8.8', '3223', '4569');
INSERT INTO `product` VALUES ('7', '圣尼诗女包', '2', '324', '125', 'images/bao1.jpg', '圣尼诗时尚女士包包2016新款 女包手提包 春季百搭单肩斜挎包大包 ', '9.5', '2125', '1465');
INSERT INTO `product` VALUES ('8', 'EW男包', '2', '2132', '125', 'images/bao2.jpg', 'EW 2016新款男士皮质双肩包 男 韩版潮流休闲包 旅行包电脑书包包 \r\n\r\n60天退换 送运费保险 收藏送礼 专柜正品 \r\n', '8.8', '4564', '7825');
INSERT INTO `product` VALUES ('9', '漂流木帆布包', '2', '21212', '121', 'images/bao3.jpg', '漂流木 帆布包男单肩包 斜挎男包男士休闲包 横款斜跨包包韩版潮 \r\n\r\n性价比高！ 可放14 寸笔记本 \r\n', '5.5', '464465', '5545');
INSERT INTO `product` VALUES ('10', 'Miffy双肩包', '2', '1234', '188', 'images/bao4.jpg', 'Miffy米菲2016新款拉链双肩包 韩版学院风时尚百搭手提女包包潮', '3.0', '54864', '54564');
INSERT INTO `product` VALUES ('11', 'JON BAG', '2', '123', '199', 'images/bao5.jpg', '夏季女包2016新款日韩百搭小包包单肩斜挎包新潮锁扣小猪包马鞍包 \r\n\r\n夏季新潮 简约百搭 斜挎小包包 马鞍包 \r\n', '5.5', '5454', '2228');
INSERT INTO `product` VALUES ('12', '圣大保罗休闲男包', '2', '123', '1231', 'images/bao6.jpg', '圣大保罗休闲男包单肩斜挎包正品男士背包小包旅行帆布防水牛津布 \r\n\r\n品牌专卖店 正品出售 疯狂让利 别再错过 \r\n', '6.0', '158', '2545');
INSERT INTO `product` VALUES ('13', '怡雪芳', '3', '12312', '112', 'images/mao1.jpg', '英伦风春夏天黑白拼色草帽大檐遮阳小礼帽子潮女沙滩帽太阳帽出游 \r\n\r\n新款小礼帽 前后两个风格\r\n', '3.9', '21321', '5555');
INSERT INTO `product` VALUES ('14', '兰诗雨', '3', '12213', '123', 'images/mao2.jpg', '真丝帽子女夏天韩版潮桑蚕丝太阳帽防晒女士遮阳帽夏季沙滩帽凉帽 \r\n\r\n100%桑蚕 优雅花朵 轻薄透气 \r\n', '5.5', '212', '44422');
INSERT INTO `product` VALUES ('15', '伊馨鸟', '3', '12312', '123', 'images/mao3.jpg', '帽子男士夏天渔夫帽户外登山帽防晒帽夏季遮阳帽钓鱼帽太阳帽韩版 \r\n\r\n配送防风绳 舒适透气 网状设计 \r\n', '8.0', '1215', '3154');
INSERT INTO `product` VALUES ('16', '带带鱼', '3', '2312', '1312', 'images/mao4.jpg', '户外钓鱼登山帽子男士夏天遮阳帽韩版 潮防晒太阳帽夏季渔夫帽男 \r\n\r\n大帽檐防晒 有防风绳 户外遮阳 登山钓鱼 \r\n', '7.0', '54651', '21654');
INSERT INTO `product` VALUES ('17', '客来而香', '3', '12345', '23', 'images/mao5.jpg', '帽子男士春秋棒球帽青年遮阳全棉鸭舌帽户外运动逛街防晒夏太阳帽', '7.5', '5456', '2131');
INSERT INTO `product` VALUES ('18', '怡雪芳', '3', '12312', '213', 'images/mao6.jpg', '怡雪芳 遮阳帽 女士夏天大沿帽草帽大檐蝴蝶结太阳帽子防晒沙滩帽 \r\n\r\n可折叠的帽子 海边游玩 遮阳效果好！ \r\n', '7.8', '5423', '41654');
INSERT INTO `product` VALUES ('19', '登诗奴', '4', '2131', '312', 'images/yi1.jpg', '男夏装短袖t恤男圆领简约体血衫韩版修身条纹半袖青年休闲上衣服 \r\n\r\n2016新款 青春时尚 \r\n', '8.8', '5477', '5466');
INSERT INTO `product` VALUES ('20', '莫代尔', '4', '12312', '21321', 'images/yi2.jpg', '夏季纯棉鸡心领男士短袖T恤韩版修身印花男装V领体恤衣服 \r\n\r\n弹力柔滑 舒适百搭 高端上档次 库存紧张！！ \r\n', '6.6', '7784', '2133');
INSERT INTO `product` VALUES ('21', '佐士尚', '4', '30000', '32132', 'images/yi3.jpg', '夏季新款潮男装条纹衣服男士短袖T恤 夏天青年圆领韩版修身打底衫 \r\n\r\n新品上市 不褪色不起球 质量保证 送运费险 抢购 \r\n', '8.8', '56467', '2143');
INSERT INTO `product` VALUES ('22', '韩潮', '4', '48484', '2222', 'images/yi4.jpg', '夏季男士短袖T恤翻领修身全棉体系有领休闲上衣服带领青少年字母 ', '8.8', '12348', '5798');
INSERT INTO `product` VALUES ('23', '蚂蚁水手', '4', '1234', '6768', 'images/yi5.jpg', '青少年T恤男学生短袖修身上衣服初中学生高中夏季潮男士体恤潮流 ', '6.6', '54602', '4552');
INSERT INTO `product` VALUES ('24', '木木', '4', '13213', '5555', 'images/yi6.jpg', '男生短袖T恤男字母印花纯棉圆领日系体恤夏装潮男半截袖上衣服潮', '5.0', '5476', '4214');
INSERT INTO `product` VALUES ('25', '辛格丽', '5', '55', '78565', 'images/ku1.jpg', '夏季男生宽松5五分马裤夏天运动沙滩7分中裤子休闲短裤潮大裤衩男 \r\n\r\n一1件55元 一2件99 一3件145 \r\n', '3.0', '46546', '7498');
INSERT INTO `product` VALUES ('26', '才子', '5', '199', '6546', 'images/ku2.jpg', '才子男装 2016夏季新款青年纯色修身休闲长裤 男士休闲裤男裤', '4.0', '46777', '54654');
INSERT INTO `product` VALUES ('27', 'TIRYBETRY', '5', '166', '6987', 'images/ku3.jpg', '九分牛仔裤男士夏季新款韩版修身小脚裤青年休闲9分裤子潮流显瘦', '6.9', '654654', '5464');
INSERT INTO `product` VALUES ('28', 'ZARA', '5', '233', '3244', 'images/ku4.jpg', '春夏折扣 ZARA 男装 舒适西裤 04103602805', '5.0', '86746', '65467');
INSERT INTO `product` VALUES ('29', '英伦潮衣馆', '5', '299', '6465', 'images/ku5.jpg', '夏季男装碎花翻边休闲九分裤男韩版潮流英伦小脚修身9分裤子男裤 ', '6.9', '464654', '64000');
INSERT INTO `product` VALUES ('30', '爱丸', '5', '166', '554', 'images/ku6.jpg', '2016爱爱丸 7.06夏装新款 趣味波浪花瓣边拉须纯色牛仔短裤附腰带 ', '3.0', '9879', '5487');
INSERT INTO `product` VALUES ('31', '黛米', '6', '2999', '299', 'images/zhubao1.jpg', '黛米珠宝 蜜缘 强光天淡水珍珠手链可调节链然母亲节送妈妈正品女 \r\n\r\n珠形饱满 强光亮泽 性价比好 可调节长度 \r\n', '9.6', '4654', '1321');
INSERT INTO `product` VALUES ('32', 'jewelvary', '6', '123', '65', 'images/zhubao2.jpg', 'Jewelvary 18k金女款十二星座情侣钻石吊坠项链 意大利进口 轻奢 \r\n\r\n意大利知名 设计师 星辰灵感 18K金 钻石镶嵌 \r\n', '5.9', '646', '456');
INSERT INTO `product` VALUES ('33', '米莱', '6', '333', '1', 'images/zhubao3.jpg', '米莱珠宝 0.65克拉祖母绿戒指 18K金（黄）镶嵌钻石指环 彩宝', '3.8', '313', '9878');
INSERT INTO `product` VALUES ('34', '思漫', '6', '454', '2', 'images/zhubao4.jpg', '思漫珠宝 夜魅大溪地黑珍珠吊坠10-13mm正圆18K金然珍珠吊坠项链 \r\n\r\n支持7天无理 由退换货 源产地直供 支持复检 \r\n', '2.9', '32121', '985');
INSERT INTO `product` VALUES ('35', '西斯舶来', '6', '888', '3', 'images/zhubao5.jpg', '新货珠宝批发 正圆10-11-12MM强光淡水天然珍珠项链正品女 送妈妈', '6.9', '54645', '5284');
INSERT INTO `product` VALUES ('36', '喜钻', '6', '999', '4', 'images/zhubao6.jpg', '促喜钻珠宝GIA裸钻订制 铂金结婚钻石女戒18K金1克拉钻石戒指钻戒 \r\n\r\n经典皇冠六爪 天然钻石 璀璨闪耀 求婚成功秘决 \r\n', '9.5', '465', '2418');
INSERT INTO `product` VALUES ('37', 'NIKE', '7', '122', '5', 'images/xie1.jpg', 'Nike 耐克官方 NIKE ROSHE ONE 女子运动鞋 844994 ', '9.5', '87', '5216');
INSERT INTO `product` VALUES ('38', '天天特价', '7', '133', '6', 'images/xie2.jpg', '天天特价平底一字拖真皮凉拖鞋女夏季室外孕妇防滑舒适女拖鞋潮款 ', '6.8', '87987', '23154');
INSERT INTO `product` VALUES ('39', '旺古', '7', '666', '6', 'images/xie3.jpg', '动力足真皮坡跟凉拖鞋高跟厚底凉鞋简约休闲一字拖鞋女夏2016新款 ', '8.8', '87', '3214');
INSERT INTO `product` VALUES ('40', '欧琦蔓', '7', '533', '5', 'images/xie4.jpg', '欧琦蔓2016春夏新款森女系个性女鞋舒适软底手工缝制四季单鞋5172 ', '8.6', '564', '321');
INSERT INTO `product` VALUES ('41', '匹克', '7', '355', '5', 'images/xie5.jpg', '匹克篮球鞋男鞋2016春新款正品耐磨防滑减震运动鞋专业篮球鞋男 ', '8.8', '56465', '5456');
INSERT INTO `product` VALUES ('42', '达芙妮', '7', '333', '1', 'images/xie6.jpg', '达芙妮弥尊正品2016秋季新款真皮漆皮女鞋粗跟时尚工作中跟女单鞋 ', '9.5', '878', '8477');
INSERT INTO `product` VALUES ('43', 'PXH', '8', '700', '5', 'images/xifu1.jpg', '小西装男土休闲外套男秋季2016潮流男士西服青春流行帅气xifu修身 ', '9.5', '654', '478');
INSERT INTO `product` VALUES ('44', '长人', '8', '699', '5', 'images/xifu2.jpg', '韩版西服潮男版男装显瘦小西装春秋装外套青少年xifu薄款便服单西 ', '7.6', '879', '666');
INSERT INTO `product` VALUES ('45', '男孩', '8', '688', '5', 'images/xifu3.jpg', '正品热卖时尚夏款青年海南西服夏款之家xifu2016夏装男式西装便西 ', '7.6', '5464', '6887');
INSERT INTO `product` VALUES ('46', 'nanz', '8', '588', '7', 'images/xifu4.jpg', '春季新款男qiuz小西装xiz韩版nanz修身nan士xifu英伦PU皮衣短外套 ', '5.6', '9879', '6546');
INSERT INTO `product` VALUES ('47', '莱卡', '8', '339', '5', 'images/xifu5.jpg', '男士新款西装三件套 时尚新郎装职业正装 韩版礼服西服套装 xifu', '5.6', '687', '6847');
INSERT INTO `product` VALUES ('48', '第六感', '8', '459', '4', 'images/xifu6.jpg', '潮男职业装男士小西装 男 修身 韩版休闲西服套装男生小西服xifu ', '3.0', '987', '5464');
INSERT INTO `product` VALUES ('49', '高爵', '9', '369', '4', 'images/mojing1.jpg', '高爵男士太阳镜新款偏光潮人墨镜司机镜开车钓鱼太阳眼镜蛤蟆镜男 ', '5.5', '8974', '4654');
INSERT INTO `product` VALUES ('50', '雷德蒙', '9', '369', '5', 'images/mojing2.jpg', '新款偏光太阳镜男女潮人炫彩蛤蟆镜驾驶镜司机镜开车墨镜太阳眼镜', '6.6', '564', '654');
INSERT INTO `product` VALUES ('51', 'ISMA', '9', '199', '5', 'images/mojing3.jpg', '明星款太阳镜女 2016新款 时尚女士潮款防紫外线偏光镜墨镜 包邮 ', '6.6', '5646', '6587');
INSERT INTO `product` VALUES ('52', '韩掌柜', '9', '199', '5', 'images/mojing4.jpg', '新款偏光近视太阳镜圆脸韩版眼镜墨镜女时尚复古个性潮2016明星款 ', '6.9', '6464', '7844');
INSERT INTO `product` VALUES ('53', 'MAJA', '9', '129', '5', 'images/mojing5.jpg', '太阳镜男方形个性墨镜男飞行员墨镜潮人运动偏光镜开车司机驾驶镜', '8.5', '545', '874');
INSERT INTO `product` VALUES ('54', '锐盾', '9', '199', '5', 'images/mojing6.jpg', '锐盾偏光太阳镜男士墨镜铝镁司机驾驶镜夜视太阳眼镜开车专用眼睛', '6.9', '282', '7464');
INSERT INTO `product` VALUES ('55', '天天特价', '10', '2', '2', 'images/bei1.jpg', '【天天特价】膳魔师原装正品保温杯硅胶杯垫/底套 防磨损底托 ', '8.5', '5465', '987');
INSERT INTO `product` VALUES ('56', '奈斯', '10', '2', '2', 'images/bei2.jpg', ' 奈斯 复仇者联盟水杯 创意陶瓷马克杯 办公室情侣杯子带盖带勺', '8.5', '7', '4654');
INSERT INTO `product` VALUES ('57', '乐活森', '10', '2', '2', 'images/bei3.jpg', '乐活森陶瓷漱口杯 刷牙杯卡通牙刷杯子情侣创意可爱萝卜杯多色 \r\n\r\n陶瓷材质 健康环保 画面可爱 快递破损 免费补发\r\n', '8.5', '465', '1');
INSERT INTO `product` VALUES ('58', '龙江', '10', '2', '2', 'images/bei4.jpg', '日系清新小草莓樱花玻璃吸管杯 牛奶果汁玻璃杯 耐热微波炉可用 ', '8.5', '654', '631');
INSERT INTO `product` VALUES ('59', '特百惠', '10', '2', '2', 'images/bei5.jpg', '特百惠水杯官方旗舰店正品430ml310ml塑料随手杯运动便携学生男女', '8.5', '54635', '31');
INSERT INTO `product` VALUES ('60', '斯奈尔', '10', '2', '2', 'images/bei6.jpg', '斯奈尔正品玻璃杯双层带盖水杯创意男女士杯子便携过滤网玻璃茶杯 \r\n\r\n超实惠 品牌旗舰店 质量过硬 \r\n', '8.5', '1321', '31');
INSERT INTO `product` VALUES ('61', '瑞之源', '11', '2', '2', 'images/biao1.jpg', '正品超薄防水精钢带石英男女手表男士腕表送皮带学生女士男表手表 \r\n\r\n假一赔三 热销爆款 终身保修 质量保证 送真皮带 \r\n', '8.5', '31', '68');
INSERT INTO `product` VALUES ('62', '天王', '11', '2', '2', 'images/biao2.jpg', '天王表正品男表防水全自动机械表 钢带男士手表潮流休闲腕表5845 \r\n\r\n品牌直营 3期分期免息 联保包邮 简约经典 \r\n', '8.5', '321', '46');
INSERT INTO `product` VALUES ('63', '卡梭', '11', '2', '2', 'images/biao3.jpg', '瑞士正品卡梭手表男士全自动机械表男表防水18K金天王星品质腕表 ', '8.5', '85', '48');
INSERT INTO `product` VALUES ('64', '米兰尼斯', '11', '2', '2', 'images/biao4.jpg', '正品商务休闲男表时尚潮流手表男款防水石英表精钢带男士手表简约  ', '8.5', '887', '76');
INSERT INTO `product` VALUES ('65', '佳明', '11', '2', '2', 'images/biao5.jpg', 'Garmin佳明fenix3HR飞耐时3 GPS光电心率户外跑步运动登山手表 ', '8.5', '641', '654');
INSERT INTO `product` VALUES ('66', '梵瑞诗', '11', '2', '2', 'images/biao6.jpg', '正品带钻女士小表盘超薄手表女表真皮带石英表女时尚腕表防水正品 ', '8.5', '51', '87');
INSERT INTO `product` VALUES ('67', '恒源翔', '12', '2', '2', 'images/wazi1.jpg', '恒源祥袜子男纯棉夏季薄款船袜低帮运动防臭男袜隐形短筒男士短袜 \r\n\r\n纯棉 舒适透气 夏季薄款 低帮船袜 6双礼盒装 \r\n', '8.5', '54', '98');
INSERT INTO `product` VALUES ('68', '船袜', '12', '2', '2', 'images/wazi2.jpg', '船袜男士薄款袜子男短袜夏季低帮浅口吸汗纯棉男短筒男袜纯色棉袜 ', '8.5', '65', '46');
INSERT INTO `product` VALUES ('69', 'wa品馆', '12', '2', '2', 'images/wazi3.jpg', '袜子男夏季薄款竹炭纤维短袜男士防臭袜低帮短筒透气礼盒袜运动袜  ', '8.5', '4', '8498');
INSERT INTO `product` VALUES ('70', '浪莎', '12', '2', '2', 'images/wazi4.jpg', '浪莎袜子男士春夏薄款加大码网眼防臭男袜 特大号网眼商务棉袜  ', '8.5', '13', '79');
INSERT INTO `product` VALUES ('71', 'HYM', '12', '2', '2', 'images/wazi5.jpg', '100双加厚一次性袜溜冰场袜子游乐园早教旱冰场等专用袜套 带松紧', '8.5', '21', '7464');
INSERT INTO `product` VALUES ('72', '花花公子', '12', '2', '2', 'images/wazi6.jpg', '花花公子男袜 春夏季薄款男士袜子全棉 吸汗透气3白+3浅灰 ', '8.5', '684', '97');
INSERT INTO `product` VALUES ('73', '华为', '13', '2', '2', 'images/diannao1.jpg', '华为matebook 12英寸平板二合一笔记本电脑mate book 现货 ', '8.5', '61', '97');
INSERT INTO `product` VALUES ('74', '苹果', '13', '2', '2', 'images/diannao2.jpg', 'IMAC20寸A1224Apple苹果一体机电脑原装正品双核 办公室装B神器', '8.5', '65', '968');
INSERT INTO `product` VALUES ('75', '联想', '13', '2', '2', 'images/diannao3.jpg', '联想 拯救者15-ISK(i5进取版) ', '8.5', '46', '746');
INSERT INTO `product` VALUES ('76', '华硕', '13', '2', '2', 'images/diannao4.jpg', 'Asus/华硕 R R417SA3150超薄四核14寸手提轻薄游戏办公笔记本电脑 \r\n\r\n华硕新品 R417 E402 512G固态 四核 \r\n', '8.5', '4', '4798');
INSERT INTO `product` VALUES ('77', '三星', '13', '2', '2', 'images/diannao5.jpg', 'Samsung/三星 NP900X3 NP900X3G-K01CN 900X3L-K02 K01笔记本电脑 ', '8.5', '5216', '79');
INSERT INTO `product` VALUES ('78', '三星', '13', '2', '2', 'images/diannao6.jpg', 'K02 K01笔记本电脑 ', '8.5', '874', '79');
INSERT INTO `product` VALUES ('79', '华为 G9 青春版 ', '14', '2', '2', 'images/shouji1.jpg', '高铁模式+\r\n\r\n高光C角\r\n\r\n指纹识别', '8.5', '64', '79');
INSERT INTO `product` VALUES ('80', '魅族 魅蓝3s', '14', '2', '2', 'images/shouji2.jpg', '\r\n\r\nmTouch 2.1 指纹支付\r\n\r\n2.5D 全贴合屏幕', '8.5', '684', '796');
INSERT INTO `product` VALUES ('81', '荣耀 荣耀8 ', '14', '2', '2', 'images/shouji3.jpg', '\r\n\r\n双镜头\r\n\r\n双2.5D玻璃\r\n\r\n双功能指纹', '8.5', '6845', '46');
INSERT INTO `product` VALUES ('82', 'OPPO A37 ', '14', '2', '2', 'images/shouji4.jpg', '\r\n\r\n全新美颜4.0\r\n\r\nNFC闪付\r\n\r\nReal原声技术', '8.5', '8', '41');
INSERT INTO `product` VALUES ('83', '华为 P9 Plus', '14', '2', '2', 'images/shouji5.jpg', '双IC快速充电\r\n\r\n莱卡双摄像头\r\n\r\n两级压感触控', '8.5', '746514', '64');
INSERT INTO `product` VALUES ('84', 'OPPO R9 Plus', '14', '2', '2', 'images/shouji6.jpg', '\r\n\r\n搭配VOOC闪充\r\n\r\n充电5分钟，通话2小时', '8.5', '165', '687');
INSERT INTO `product` VALUES ('85', 'Sanyo/三洋', '18', '2', '2', 'images/wei1.jpg', 'Sanyo/三洋 EM-GF668小型侧拉门平板微波炉机械式 家用普通型正品 \r\n\r\n均温加热技术 零辐射 易清洗内胆 便捷扭键操作 \r\n', '8.5', '91129', '464');
INSERT INTO `product` VALUES ('86', 'Galanz/格兰仕', '18', '2', '2', 'images/wei2.jpg', 'Galanz/格兰仕 G80F23CN2P-B5(R0)家用智能光波炉微波炉烧烤正品 \r\n\r\n精品特惠 光波烧烤 800瓦 23升 \r\n', '8.5', '709', '68');
INSERT INTO `product` VALUES ('87', '鸿光 ', '18', '2', '2', 'images/wei3.jpg', '鸿光 HG HG-E11D光波炉 无辐射新智能烤肉炉烤箱空气炸锅小微波炉 \r\n\r\n无辐射 无油烟 食物零油脂 在家做薯条 多种烧烤 \r\n', '8.5', '879', '76');
INSERT INTO `product` VALUES ('88', 'Sanyo/三洋', '18', '2', '2', 'images/wei4.jpg', 'Sanyo/三洋 EM-GF6321EP家用微波炉23L升带烧烤箱不锈钢内胆蒸汽 \r\n\r\n光波烧烤 够大容量 加热快 不锈钢内胆 蒸汽抑菌 \r\n', '8.5', '7229', '45');
INSERT INTO `product` VALUES ('89', 'Galanz/格兰仕', '18', '2', '2', 'images/wei5.jpg', 'Galanz/格兰仕 G80F23CN3XL-R6K(R9)家用微波炉光波炉23L 智能 \r\n\r\n800W 一级能效 高端下拉门 \r\n', '8.5', '1321', '8746');
INSERT INTO `product` VALUES ('90', 'Galanz/格兰仕', '18', '2', '2', 'images/wei6.jpg', '【阿里智能】Galanz/格兰仕 G80F23CN3LN-C2(C0)家用微波炉光波炉 ', '8.5', '879', '6546');

-- ----------------------------
-- Table structure for `shoppingcart`
-- ----------------------------
DROP TABLE IF EXISTS `shoppingcart`;
CREATE TABLE `shoppingcart` (
  `shoppingcartid` int(4) NOT NULL AUTO_INCREMENT,
  `productid` int(4) NOT NULL,
  `userid` int(4) NOT NULL,
  `number` int(20) DEFAULT NULL,
  `createtime` date NOT NULL,
  `remark` varchar(120) DEFAULT NULL,
  `type` varchar(100) DEFAULT NULL,
  PRIMARY KEY (`shoppingcartid`)
) ENGINE=InnoDB AUTO_INCREMENT=183 DEFAULT CHARSET=utf8;

-- ----------------------------
-- Records of shoppingcart
-- ----------------------------
INSERT INTO `shoppingcart` VALUES ('38', '1', '2', '105', '2016-07-22', '备注信息', 'Medium');
INSERT INTO `shoppingcart` VALUES ('39', '1', '3', '12', '2016-07-22', '备注信息', 'Medium');
INSERT INTO `shoppingcart` VALUES ('41', '2', '3', '1', '2016-07-22', '备注信息', 'Medium');
INSERT INTO `shoppingcart` VALUES ('44', '4', '19', '1', '2016-07-22', '备注信息', 'Medium');
INSERT INTO `shoppingcart` VALUES ('104', '3', '32', '1', '2016-07-26', '备注信息', 'Medium');
INSERT INTO `shoppingcart` VALUES ('160', '20', '31', '2', '2016-07-28', '备注信息', 'M');
INSERT INTO `shoppingcart` VALUES ('162', '13', '50', '1', '2016-07-28', '备注信息', '均码');
INSERT INTO `shoppingcart` VALUES ('164', '37', '50', '1', '2016-07-28', '备注信息', '41');
INSERT INTO `shoppingcart` VALUES ('165', '37', '49', '2', '2016-07-28', '备注信息', '42');
INSERT INTO `shoppingcart` VALUES ('166', '25', '49', '2', '2016-07-28', '备注信息', '30');
INSERT INTO `shoppingcart` VALUES ('174', '2', '31', '1', '2016-07-28', '备注信息', '均码');
INSERT INTO `shoppingcart` VALUES ('179', '2', '35', '1', '2016-07-28', '备注信息', '均码');

-- ----------------------------
-- Table structure for `user`
-- ----------------------------
DROP TABLE IF EXISTS `user`;
CREATE TABLE `user` (
  `userid` int(10) NOT NULL AUTO_INCREMENT,
  `username` varchar(40) NOT NULL,
  `userpassword` varchar(40) NOT NULL,
  `age` int(20) DEFAULT NULL,
  `sex` varchar(20) DEFAULT NULL,
  `email` varchar(40) DEFAULT NULL,
  `type` int(6) DEFAULT NULL,
  `remark` varchar(120) DEFAULT NULL,
  `phone` varchar(100) DEFAULT NULL,
  `address` varchar(400) DEFAULT NULL,
  PRIMARY KEY (`userid`)
) ENGINE=InnoDB AUTO_INCREMENT=53 DEFAULT CHARSET=utf8;

-- ----------------------------
-- Records of user
-- ----------------------------
INSERT INTO `user` VALUES ('1', '1111', 'oBYQIo/pmPUVpy3XMClNhw==', '21', '男', '11', '1', '13', '12868264337', '永州');
INSERT INTO `user` VALUES ('3', 'dfs', '1234', '31', '男', 'man', '1', 'klsadjf', '16328764372', '贵阳');
INSERT INTO `user` VALUES ('4', '111', 'ICy5YqxZB1uWSwcVLSNLcA==', '23', '男', 'man', '1', '33333', '17628764373', '凯里');
INSERT INTO `user` VALUES ('10', '小花', '12', '41', '男', '11', '1', '12', '18686483264', '百色');
INSERT INTO `user` VALUES ('16', '小明', 'aY1RoZ2KEhzlgUmde3AWaA==', '22', '男', '122@qq.com', '1', '1', '13783616368', '河池');
INSERT INTO `user` VALUES ('18', 'z', 'RWpPNNiAjx48SfsU9U/cqQ==', '18', '男', '12@qq.com', '0', '12', '16242761832', '吉首');
INSERT INTO `user` VALUES ('19', '12', 'q12343', '25', '男', '12', '0', '12zd', '13264376383', '江西省南昌市');
INSERT INTO `user` VALUES ('21', '2312312', '2321', '21', '男', '21', '0', '1223', '17289436237', '厦门');
INSERT INTO `user` VALUES ('22', '21314', 'q12343', '24', '男', '124', '0', '123', '13826476437', '北京');
INSERT INTO `user` VALUES ('23', '123', 'q12343', '32', '男', '12', '0', '333', '18326478264', '江西省赣州市');
INSERT INTO `user` VALUES ('24', '12313', '564654', '29', '男', '312', '0', '333', '78264742764', '南宁');
INSERT INTO `user` VALUES ('25', '231321', '123', '28', '男', '21325', '0', '2353', '19726268264', '荆州');
INSERT INTO `user` VALUES ('27', 'gg', '43857', '33', '女', 'sdfg', '0', 'ert', '18749274652', '张家界');
INSERT INTO `user` VALUES ('28', 'hhh', '34', '33', '女', '3342', '0', 'gsrer', '19472665838', '襄阳');
INSERT INTO `user` VALUES ('30', '12', '12', '21', '女', '1212', '0', '12', '17927495764', '韶关');
INSERT INTO `user` VALUES ('31', 'fan', '123', '22', '男', 'idisfkj@qq.com', '0', 'shui dou bu yao dong wo zhe ge zhang hao ! fuck!!!', '15779707839', '厦门中软软件园三区');
INSERT INTO `user` VALUES ('32', '烟火', '123', '26', '男', 'idisfkj@qq.com', '0', '不一样的烟火', '12874397728', '毫州');
INSERT INTO `user` VALUES ('35', '小明', '12345', '19', '男', '1212@qq.com', '0', '123', '12344792724', '洛阳');
INSERT INTO `user` VALUES ('36', '小明1', '234223', '21', '男', '1212@qq.com', '0', '33', '12344568272', '枣庄');
INSERT INTO `user` VALUES ('37', '小明1', '11', '21', '男', '1212@qq.com', '0', '33', '12344463861', '郑州');
INSERT INTO `user` VALUES ('38', '12', '12', '33', '女', '11@qq.com', '0', '12', '12279394727', '阜阳');
INSERT INTO `user` VALUES ('39', '12', '123', '32', '男', '11@qq.com', '0', '12', '12787483274', '太原');
INSERT INTO `user` VALUES ('40', '11', '11', '18', '男', '111@qq.com', '0', '11', '19284749383', '鄂尔多斯');
INSERT INTO `user` VALUES ('41', '1', '1', '32', '男', '1@qq.com', '0', '1', '38748901387', '银川');
INSERT INTO `user` VALUES ('42', '11', '11', '26', '男', '1@qq.com', '0', '123', '74829891488', '庆阳');
INSERT INTO `user` VALUES ('43', '23', '23', '25', '男', '12@qq.com', '0', '211', '12478299847', '包头');
INSERT INTO `user` VALUES ('44', '12', '12', '26', '男', '1@qq.com', '0', '12', '12372894783', '乌海');
INSERT INTO `user` VALUES ('45', '12', '12', '27', '男', '1@qq.com', '0', '1', '14783928374', '宝鸡');
INSERT INTO `user` VALUES ('46', '11', '1', '24', '男', '1@qq.com', '0', '1', '12183297328', '汉中');
INSERT INTO `user` VALUES ('49', '康', '123', '22', '女', null, '0', null, '18278119221', '陇南');
INSERT INTO `user` VALUES ('50', 'fkj', '123', '0', null, null, '0', null, null, null);
INSERT INTO `user` VALUES ('51', '1', '123', '11', '男', '123', '0', '双方各', null, null);
INSERT INTO `user` VALUES ('52', '111', '123', '23', '男', '1234@qq.com', '0', 'adfd', null, null);
